2000,ABE,47,36
2000,ABQ,40,38
2000,ADQ,30,37
2000,ALB,40,40
2000,AMA,45,45
2000,ANC,37,40
2000,ATL,41,45
2000,AUS,38,40
2000,AVL,34,43
2000,AVP,56,51
2000,AZO,47,49
2000,BDL,35,36
2000,BET,38,39
2000,BGM,48,50
2000,BHM,35,38
2000,BIL,44,39
2000,BIS,38,37
2000,BNA,39,38
2000,BOI,38,43
2000,BOS,40,40
2000,BQN,,30
2000,BRO,56,0
2000,BRW,58,57
2000,BTR,45,47
2000,BTV,44,36
2000,BUF,41,44
2000,BUR,38,36
2000,BWI,38,35
2000,BZN,35,40
2000,CAE,37,40
2000,CAK,21,26
2000,CDV,38,37
2000,CHA,31,39
2000,CHS,45,48
2000,CID,53,46
2000,CLE,40,42
2000,CLT,36,37
2000,CMH,40,41
2000,COS,42,44
2000,CRP,42,37
2000,CRW,24,39
2000,CVG,39,39
2000,DAB,51,47
2000,DAL,40,38
2000,DAY,48,44
2000,DCA,35,37
2000,DEN,40,38
2000,DFW,38,37
2000,DLH,43,42
2000,DRO,30,21
2000,DSM,46,46
2000,DTW,40,44
2000,DUT,26,25
2000,EGE,34,41
2000,ELM,33,43
2000,ELP,39,37
2000,ERI,40,50
2000,EUG,43,37
2000,EWR,41,42
2000,FAI,34,37
2000,FAR,36,48
2000,FAT,62,15
2000,FAY,35,34
2000,FCA,37,40
2000,FLL,42,43
2000,FNT,37,45
2000,FSD,46,42
2000,FWA,55,66
2000,GEG,40,41
2000,GFK,44,37
2000,GPT,55,35
2000,GRB,46,58
2000,GRR,42,52
2000,GSO,41,47
2000,GSP,39,41
2000,GTF,29,34
2000,GUC,27,28
2000,HDN,38,37
2000,HLN,38,27
2000,HNL,30,30
2000,HOU,40,36
2000,HPN,38,46
2000,HRL,31,33
2000,HSV,38,38
2000,IAD,41,36
2000,IAH,37,36
2000,ICT,49,45
2000,ILM,29,36
2000,IND,41,42
2000,ISP,31,30
2000,ITH,28,41
2000,ITO,24,27
2000,JAC,45,43
2000,JAN,40,37
2000,JAX,40,41
2000,JFK,41,35
2000,JNU,40,38
2000,KOA,28,29
2000,KTN,54,41
2000,LAN,43,50
2000,LAS,37,36
2000,LAX,40,41
2000,LBB,45,39
2000,LEX,45,48
2000,LGA,43,49
2000,LGB,53,32
2000,LIH,26,22
2000,LIT,39,38
2000,LNK,53,34
2000,LSE,17,23
2000,MAF,42,40
2000,MBS,56,58
2000,MCI,37,40
2000,MCO,39,43
2000,MDT,35,43
2000,MDW,40,41
2000,MEM,37,41
2000,MFE,43,44
2000,MFR,55,41
2000,MHT,40,37
2000,MIA,45,41
2000,MKE,40,44
2000,MLB,47,56
2000,MLI,47,48
2000,MLU,43,47
2000,MOB,49,42
2000,MOT,38,38
2000,MSN,40,58
2000,MSO,31,46
2000,MSP,40,42
2000,MSY,41,40
2000,MTJ,16,25
2000,MYR,35,37
2000,OAK,36,36
2000,OGG,46,31
2000,OKC,39,41
2000,OMA,41,45
2000,OME,33,27
2000,ONT,36,37
2000,ORD,48,54
2000,ORF,41,41
2000,OTZ,36,41
2000,PBI,42,46
2000,PDX,37,38
2000,PHL,40,42
2000,PHX,39,37
2000,PIT,36,36
2000,PNS,40,46
2000,PSC,32,34
2000,PSG,34,21
2000,PSP,45,40
2000,PVD,40,32
2000,PWM,49,43
2000,RAP,44,28
2000,RDU,39,42
2000,RIC,42,40
2000,RNO,40,36
2000,ROA,27,33
2000,ROC,42,44
2000,RST,45,56
2000,RSW,42,45
2000,SAN,37,34
2000,SAT,37,40
2000,SAV,41,40
2000,SBA,39,38
2000,SBN,28,38
2000,SCC,67,12
2000,SDF,40,41
2000,SEA,40,43
2000,SFO,41,40
2000,SGF,51,44
2000,SHV,39,44
2000,SIT,21,33
2000,SJC,38,36
2000,SJU,44,49
2000,SLC,41,40
2000,SMF,39,39
2000,SNA,40,37
2000,SRQ,44,41
2000,STL,43,48
2000,STT,53,53
2000,STX,38,45
2000,SUX,30,29
2000,SWF,47,47
2000,SYR,38,45
2000,TLH,35,52
2000,TOL,27,33
2000,TPA,41,43
2000,TRI,38,37
2000,TUL,44,43
2000,TUS,36,35
2000,TVC,26,51
2000,TYS,35,47
2000,VPS,40,31
2000,WRG,52,36
2000,YAK,34,33
2001,ABE,54,29
2001,ABI,67,28
2001,ABQ,37,32
2001,ACT,58,30
2001,ADQ,33,27
2001,AKN,19,22
2001,ALB,48,40
2001,AMA,43,34
2001,ANC,30,30
2001,ATL,40,36
2001,AUS,43,34
2001,AVL,17,29
2001,AVP,39,36
2001,AZO,48,34
2001,BDL,34,35
2001,BET,26,38
2001,BFL,26,32
2001,BGR,49,32
2001,BHM,42,31
2001,BIL,56,39
2001,BIS,49,38
2001,BMI,44,22
2001,BNA,39,35
2001,BOI,35,36
2001,BOS,36,35
2001,BPT,42,30
2001,BQN,,60
2001,BRO,66,88
2001,BRW,40,36
2001,BTR,23,33
2001,BTV,51,43
2001,BUF,44,34
2001,BUR,35,32
2001,BWI,36,36
2001,BZN,47,55
2001,CAE,34,34
2001,CAK,43,31
2001,CDV,23,30
2001,CHA,60,67
2001,CHS,40,43
2001,CID,54,40
2001,CLE,41,34
2001,CLL,108,33
2001,CLT,37,35
2001,CMH,46,32
2001,CMI,47,37
2001,COS,36,34
2001,CRP,50,30
2001,CRW,25,44
2001,CVG,50,37
2001,DAB,57,36
2001,DAL,33,32
2001,DAY,35,38
2001,DBQ,34,21
2001,DCA,35,40
2001,DEN,38,33
2001,DFW,38,30
2001,DLG,20,14
2001,DLH,36,46
2001,DSM,51,35
2001,DTW,42,40
2001,DUT,37,19
2001,ELM,22,
2001,ELP,33,29
2001,ERI,27,35
2001,EUG,44,55
2001,EVV,42,36
2001,EWR,42,44
2001,EYW,36,33
2001,FAI,34,35
2001,FAR,32,44
2001,FAT,29,24
2001,FAY,39,60
2001,FCA,43,42
2001,FLL,40,36
2001,FNT,39,26
2001,FSD,64,49
2001,FSM,29,34
2001,FWA,31,46
2001,GEG,44,32
2001,GFK,197,40
2001,GGG,21,35
2001,GPT,57,20
2001,GRB,32,45
2001,GRR,36,40
2001,GSO,40,32
2001,GSP,45,30
2001,GST,,33
2001,GTF,49,16
2001,HLN,30,45
2001,HNL,30,27
2001,HOU,35,37
2001,HPN,27,43
2001,HRL,34,27
2001,HSV,30,40
2001,IAD,40,39
2001,IAH,40,41
2001,ICT,41,41
2001,ILE,26,26
2001,ILM,45,16
2001,IND,43,40
2001,ISP,35,30
2001,ITH,,16
2001,ITO,22,25
2001,JAC,37,47
2001,JAN,45,35
2001,JAX,45,37
2001,JFK,39,39
2001,JNU,32,31
2001,KOA,34,27
2001,KTN,36,38
2001,LAN,48,45
2001,LAS,36,32
2001,LAW,67,46
2001,LAX,34,29
2001,LBB,39,34
2001,LEX,42,49
2001,LFT,38,45
2001,LGA,41,37
2001,LGB,51,42
2001,LIH,33,22
2001,LIT,37,31
2001,LNK,26,38
2001,LRD,28,26
2001,LSE,40,51
2001,LWB,102,31
2001,MAF,34,40
2001,MBS,37,33
2001,MCI,45,34
2001,MCO,39,34
2001,MDT,37,32
2001,MDW,44,45
2001,MEM,39,35
2001,MFE,50,35
2001,MFR,24,20
2001,MHT,46,33
2001,MIA,38,34
2001,MKE,46,39
2001,MLB,29,54
2001,MLI,56,44
2001,MLU,55,48
2001,MOB,25,29
2001,MOT,43,56
2001,MQT,,40
2001,MRY,26,24
2001,MSN,44,38
2001,MSO,36,25
2001,MSP,44,39
2001,MSY,40,31
2001,MYR,92,27
2001,OAK,30,32
2001,OGG,30,32
2001,OKC,44,33
2001,OMA,44,36
2001,OME,28,22
2001,ONT,35,30
2001,ORD,38,36
2001,ORF,42,37
2001,ORH,60,55
2001,OTZ,25,29
2001,PBI,42,33
2001,PDX,31,28
2001,PHL,40,40
2001,PHX,38,31
2001,PIA,31,31
2001,PIT,41,34
2001,PNS,35,33
2001,PSC,60,33
2001,PSG,25,24
2001,PSP,32,28
2001,PVD,32,34
2001,PWM,39,33
2001,RAP,56,44
2001,RDU,42,37
2001,RIC,45,33
2001,RNO,35,27
2001,ROA,31,40
2001,ROC,43,34
2001,RST,46,58
2001,RSW,54,38
2001,SAN,36,31
2001,SAT,45,32
2001,SAV,43,38
2001,SBA,33,29
2001,SBN,39,39
2001,SBP,45,52
2001,SCC,55,61
2001,SDF,45,42
2001,SEA,33,28
2001,SFO,35,31
2001,SGF,36,33
2001,SHV,46,31
2001,SIT,40,24
2001,SJC,36,33
2001,SJT,48,45
2001,SJU,45,39
2001,SLC,44,33
2001,SMF,35,28
2001,SNA,35,32
2001,SPS,43,38
2001,SRQ,31,31
2001,STL,40,41
2001,STT,45,30
2001,STX,48,48
2001,SWF,46,61
2001,SYR,50,40
2001,TLH,49,27
2001,TOL,32,29
2001,TPA,41,34
2001,TRI,21,80
2001,TUL,37,30
2001,TUS,38,30
2001,TVC,49,29
2001,TXK,35,39
2001,TYR,31,34
2001,TYS,45,34
2001,VPS,60,33
2001,WRG,37,29
2001,XNA,41,36
2001,YAK,30,30
2006,ABE,50,45
2006,ABI,46,38
2006,ABQ,34,31
2006,ABY,45,45
2006,ACK,63,61
2006,ACT,39,39
2006,ACV,44,42
2006,ACY,45,45
2006,ADK,56,52
2006,ADQ,30,34
2006,AEX,45,41
2006,AGS,45,43
2006,AKN,43,36
2006,ALB,40,37
2006,AMA,36,34
2006,ANC,35,37
2006,APF,40,43
2006,ASE,42,40
2006,ATL,38,44
2006,ATW,51,48
2006,AUS,36,36
2006,AVL,48,41
2006,AVP,50,52
2006,AZO,48,41
2006,BDL,38,38
2006,BET,33,38
2006,BFL,42,38
2006,BGM,50,42
2006,BGR,48,46
2006,BHM,40,35
2006,BIL,33,36
2006,BIS,42,42
2006,BLI,38,46
2006,BMI,52,46
2006,BNA,39,35
2006,BOI,39,34
2006,BOS,43,47
2006,BPT,60,54
2006,BQK,40,44
2006,BQN,44,41
2006,BRO,52,43
2006,BRW,36,34
2006,BTM,31,32
2006,BTR,43,40
2006,BTV,45,44
2006,BUF,40,39
2006,BUR,35,32
2006,BWI,35,35
2006,BZN,36,36
2006,CAE,47,44
2006,CAK,44,42
2006,CDC,40,41
2006,CDV,37,40
2006,CEC,56,39
2006,CHA,45,38
2006,CHO,40,41
2006,CHS,43,42
2006,CIC,46,43
2006,CID,47,40
2006,CKB,20,
2006,CLD,30,34
2006,CLE,43,41
2006,CLL,49,37
2006,CLT,35,37
2006,CMH,42,39
2006,CMI,52,49
2006,COD,36,33
2006,COS,42,42
2006,CPR,33,38
2006,CRP,41,36
2006,CRW,44,40
2006,CSG,39,37
2006,CVG,35,36
2006,CWA,77,50
2006,CYS,,0
2006,DAB,48,41
2006,DAL,34,33
2006,DAY,42,40
2006,DBQ,44,37
2006,DCA,39,40
2006,DEN,37,37
2006,DFW,37,38
2006,DHN,45,42
2006,DLG,33,31
2006,DLH,35,38
2006,DRO,47,42
2006,DSM,44,42
2006,DTW,36,38
2006,EGE,50,49
2006,EKO,34,38
2006,ELP,37,32
2006,ERI,37,32
2006,EUG,43,39
2006,EVV,41,37
2006,EWR,46,57
2006,EYW,37,38
2006,FAI,36,36
2006,FAR,55,40
2006,FAT,40,39
2006,FAY,40,39
2006,FCA,33,34
2006,FLG,55,51
2006,FLL,38,34
2006,FLO,39,47
2006,FNT,40,39
2006,FSD,52,42
2006,FSM,39,37
2006,FWA,51,45
2006,GEG,34,33
2006,GFK,52,40
2006,GGG,42,37
2006,GJT,45,43
2006,GNV,42,44
2006,GPT,42,39
2006,GRB,49,43
2006,GRK,40,34
2006,GRR,41,40
2006,GSO,48,43
2006,GSP,48,46
2006,GST,31,32
2006,GTF,38,35
2006,GTR,40,34
2006,GUC,48,39
2006,HDN,47,43
2006,HKY,35,65
2006,HLN,35,36
2006,HNL,34,35
2006,HOU,35,30
2006,HPN,40,44
2006,HRL,37,32
2006,HSV,41,40
2006,HTS,60,32
2006,IAD,48,43
2006,IAH,37,42
2006,ICT,42,41
2006,IDA,39,35
2006,ILG,37,42
2006,ILM,40,39
2006,IND,39,36
2006,IPL,32,39
2006,ISO,60,55
2006,ISP,37,30
2006,ITO,33,33
2006,IYK,32,26
2006,JAC,43,41
2006,JAN,40,34
2006,JAX,40,34
2006,JFK,40,44
2006,JNU,40,38
2006,KOA,31,34
2006,KTN,40,39
2006,LAN,47,42
2006,LAS,34,35
2006,LAW,47,35
2006,LAX,35,36
2006,LBB,36,34
2006,LCH,50,43
2006,LEX,45,43
2006,LFT,45,37
2006,LGA,43,49
2006,LGB,32,33
2006,LIH,32,31
2006,LIT,40,35
2006,LNK,63,48
2006,LRD,43,37
2006,LSE,43,42
2006,LWB,40,35
2006,LWS,36,42
2006,LYH,37,44
2006,MAF,39,35
2006,MBS,56,47
2006,MCI,37,34
2006,MCN,47,51
2006,MCO,37,34
2006,MDT,45,40
2006,MDW,37,35
2006,MEI,35,42
2006,MEM,38,39
2006,MFE,42,38
2006,MFR,40,42
2006,MGM,44,43
2006,MHT,42,37
2006,MIA,41,36
2006,MKE,40,38
2006,MLB,40,43
2006,MLI,45,42
2006,MLU,43,44
2006,MOB,43,40
2006,MOD,38,43
2006,MOT,34,39
2006,MQT,69,58
2006,MRY,38,37
2006,MSN,47,40
2006,MSO,32,32
2006,MSP,36,35
2006,MSY,39,34
2006,MTJ,41,40
2006,MYR,43,37
2006,OAJ,40,42
2006,OAK,32,32
2006,OGG,33,38
2006,OKC,37,37
2006,OMA,40,37
2006,OME,40,34
2006,ONT,35,32
2006,ORD,46,54
2006,ORF,43,40
2006,OTZ,38,33
2006,OXR,31,34
2006,PBI,40,35
2006,PDX,35,34
2006,PFN,45,46
2006,PHF,44,40
2006,PHL,39,44
2006,PHX,34,31
2006,PIA,47,43
2006,PIH,43,37
2006,PIT,42,38
2006,PNS,40,36
2006,PSC,36,35
2006,PSE,31,49
2006,PSG,48,42
2006,PSP,39,37
2006,PUB,,0
2006,PVD,40,35
2006,PVU,,0
2006,PWM,45,44
2006,RAP,37,38
2006,RDD,46,44
2006,RDM,43,39
2006,RDU,43,41
2006,RFD,35,33
2006,RIC,44,46
2006,RNO,35,33
2006,ROA,48,44
2006,ROC,44,44
2006,RST,45,36
2006,RSW,39,36
2006,SAN,34,32
2006,SAT,35,34
2006,SAV,41,40
2006,SBA,40,38
2006,SBN,53,43
2006,SBP,44,38
2006,SCC,43,30
2006,SCE,40,35
2006,SDF,40,36
2006,SEA,35,36
2006,SFO,41,45
2006,SGF,47,42
2006,SGU,34,38
2006,SHV,42,39
2006,SIT,43,36
2006,SJC,34,34
2006,SJT,41,35
2006,SJU,39,39
2006,SLC,34,33
2006,SMF,35,33
2006,SMX,36,35
2006,SNA,35,31
2006,SOP,35,44
2006,SPI,68,51
2006,SPS,43,35
2006,SRQ,38,35
2006,STL,37,35
2006,STT,34,35
2006,STX,29,30
2006,SUN,36,36
2006,SWF,42,39
2006,SYR,43,39
2006,TEX,31,27
2006,TLH,43,39
2006,TOL,42,40
2006,TPA,38,33
2006,TRI,44,40
2006,TTN,25,40
2006,TUL,38,37
2006,TUP,38,37
2006,TUS,37,35
2006,TVC,47,43
2006,TWF,32,33
2006,TXK,40,33
2006,TYR,45,37
2006,TYS,45,41
2006,VLD,40,37
2006,VPS,44,40
2006,WRG,49,41
2006,WYS,35,33
2006,XNA,44,41
2006,YAK,39,36
2006,YUM,35,39
2007,ABE,46,43
2007,ABI,51,46
2007,ABQ,34,34
2007,ABY,42,44
2007,ACK,84,67
2007,ACT,49,41
2007,ACV,47,42
2007,ACY,45,46
2007,ADK,51,34
2007,ADQ,35,33
2007,AEX,47,40
2007,AGS,50,47
2007,AKN,40,39
2007,ALB,44,40
2007,ALO,62,62
2007,AMA,39,35
2007,ANC,36,35
2007,APF,45,43
2007,ASE,43,39
2007,ATL,38,43
2007,ATW,53,47
2007,AUS,38,37
2007,AVL,57,44
2007,AVP,49,45
2007,AZO,46,40
2007,BDL,40,37
2007,BET,35,33
2007,BFL,44,37
2007,BGM,45,39
2007,BGR,47,43
2007,BHM,42,36
2007,BIL,35,40
2007,BIS,38,43
2007,BJI,41,41
2007,BLI,31,28
2007,BMI,53,42
2007,BNA,39,36
2007,BOI,38,34
2007,BOS,45,45
2007,BPT,63,32
2007,BQK,43,47
2007,BQN,49,48
2007,BRO,51,39
2007,BRW,42,41
2007,BTM,38,43
2007,BTR,48,43
2007,BTV,54,47
2007,BUF,43,40
2007,BUR,36,32
2007,BWI,35,35
2007,BZN,40,40
2007,CAE,49,46
2007,CAK,46,40
2007,CDC,,0
2007,CDV,40,35
2007,CEC,51,43
2007,CHA,47,41
2007,CHO,47,40
2007,CHS,43,41
2007,CIC,49,55
2007,CID,49,43
2007,CLD,29,35
2007,CLE,42,42
2007,CLL,51,40
2007,CLT,36,38
2007,CMH,45,41
2007,CMI,53,52
2007,CMX,82,46
2007,COD,36,45
2007,COS,41,42
2007,CPR,44,42
2007,CRP,43,42
2007,CRW,47,43
2007,CSG,46,50
2007,CVG,38,38
2007,CWA,63,53
2007,CYS,,0
2007,DAB,45,39
2007,DAL,35,36
2007,DAY,43,39
2007,DBQ,41,35
2007,DCA,40,42
2007,DEN,39,40
2007,DFW,42,45
2007,DHN,53,47
2007,DLG,30,27
2007,DLH,41,43
2007,DRO,47,44
2007,DSM,46,42
2007,DTW,38,42
2007,EAU,44,40
2007,EGE,52,47
2007,EKO,36,43
2007,ELM,43,43
2007,ELP,36,33
2007,ERI,44,43
2007,EUG,40,38
2007,EVV,46,40
2007,EWN,46,43
2007,EWR,50,62
2007,EYW,37,36
2007,FAI,39,36
2007,FAR,47,43
2007,FAT,41,40
2007,FAY,42,40
2007,FCA,40,40
2007,FLG,50,56
2007,FLL,40,37
2007,FLO,50,46
2007,FNT,41,39
2007,FSD,49,42
2007,FSM,46,44
2007,FWA,49,44
2007,GEG,35,34
2007,GFK,57,46
2007,GGG,42,43
2007,GJT,40,42
2007,GNV,57,52
2007,GPT,44,39
2007,GRB,47,44
2007,GRK,45,40
2007,GRR,45,40
2007,GSO,49,45
2007,GSP,47,43
2007,GST,31,37
2007,GTF,41,38
2007,GTR,51,41
2007,GUC,44,41
2007,HDN,41,43
2007,HHH,50,56
2007,HLN,34,33
2007,HNL,34,34
2007,HOU,36,32
2007,HPN,43,45
2007,HRL,39,35
2007,HSV,43,44
2007,HTS,32,29
2007,IAD,46,44
2007,IAH,39,43
2007,ICT,48,41
2007,IDA,36,36
2007,ILG,58,48
2007,ILM,40,39
2007,IND,42,41
2007,INL,73,53
2007,IPL,34,38
2007,ISO,50,41
2007,ISP,34,31
2007,ITO,32,32
2007,IYK,31,29
2007,JAC,40,41
2007,JAN,41,36
2007,JAX,41,37
2007,JFK,45,55
2007,JNU,38,38
2007,KOA,32,31
2007,KTN,39,39
2007,LAN,50,44
2007,LAS,34,34
2007,LAW,52,36
2007,LAX,35,35
2007,LBB,41,37
2007,LCH,55,43
2007,LEX,52,44
2007,LFT,45,42
2007,LGA,45,52
2007,LGB,37,34
2007,LIH,35,30
2007,LIT,42,40
2007,LNK,56,45
2007,LRD,47,43
2007,LSE,45,41
2007,LWB,36,38
2007,LWS,46,38
2007,LYH,39,40
2007,MAF,38,35
2007,MBS,53,49
2007,MCI,37,36
2007,MCN,55,59
2007,MCO,39,37
2007,MDT,49,42
2007,MDW,35,34
2007,MEI,45,45
2007,MEM,40,43
2007,MFE,45,44
2007,MFR,46,42
2007,MGM,48,48
2007,MHT,44,37
2007,MIA,42,39
2007,MKE,42,42
2007,MLB,45,40
2007,MLI,47,40
2007,MLU,43,43
2007,MOB,45,42
2007,MOD,37,39
2007,MOT,45,41
2007,MQT,45,55
2007,MRY,36,38
2007,MSN,50,44
2007,MSO,37,38
2007,MSP,39,44
2007,MSY,40,38
2007,MTH,41,44
2007,MTJ,40,43
2007,MYR,47,44
2007,OAJ,39,40
2007,OAK,31,31
2007,OGD,,0
2007,OGG,32,32
2007,OKC,39,38
2007,OMA,43,40
2007,OME,37,36
2007,ONT,34,31
2007,ORD,46,55
2007,ORF,46,40
2007,OTZ,37,38
2007,OXR,32,36
2007,PBI,43,37
2007,PDX,36,36
2007,PFN,45,45
2007,PHF,46,42
2007,PHL,41,45
2007,PHX,35,31
2007,PIA,48,43
2007,PIH,42,42
2007,PIR,24,0
2007,PIT,43,40
2007,PLN,51,40
2007,PMD,59,38
2007,PNS,43,37
2007,PSC,33,41
2007,PSE,44,30
2007,PSG,40,37
2007,PSP,37,38
2007,PVD,43,38
2007,PWM,50,45
2007,RAP,45,42
2007,RDD,53,48
2007,RDM,42,40
2007,RDU,44,41
2007,RFD,45,38
2007,RHI,39,32
2007,RIC,47,44
2007,RNO,35,32
2007,ROA,49,42
2007,ROC,51,44
2007,ROW,38,40
2007,RST,47,42
2007,RSW,41,38
2007,SAN,34,33
2007,SAT,38,36
2007,SAV,42,39
2007,SBA,42,37
2007,SBN,50,44
2007,SBP,49,42
2007,SCC,44,37
2007,SCE,65,39
2007,SDF,42,35
2007,SEA,36,38
2007,SFO,43,46
2007,SGF,52,46
2007,SGU,32,36
2007,SHV,45,43
2007,SIT,43,36
2007,SJC,34,33
2007,SJT,43,39
2007,SJU,44,43
2007,SLC,35,34
2007,SLE,42,54
2007,SMF,34,33
2007,SMX,30,31
2007,SNA,33,31
2007,SOP,62,60
2007,SPI,68,57
2007,SPS,46,40
2007,SRQ,40,36
2007,STL,38,36
2007,STT,40,41
2007,STX,33,42
2007,SUN,35,35
2007,SUX,57,49
2007,SWF,39,42
2007,SYR,45,41
2007,TEX,31,47
2007,TLH,40,40
2007,TOL,43,39
2007,TPA,39,37
2007,TRI,46,43
2007,TTN,52,52
2007,TUL,39,39
2007,TUP,49,42
2007,TUS,38,36
2007,TVC,48,43
2007,TWF,34,42
2007,TXK,45,45
2007,TYR,48,43
2007,TYS,48,42
2007,VLD,45,42
2007,VPS,43,43
2007,WRG,45,36
2007,WYS,40,43
2007,XNA,49,45
2007,YAK,39,39
2007,YKM,28,39
2007,YUM,43,42
2008,ABE,51,45
2008,ABI,51,36
2008,ABQ,36,34
2008,ABY,39,42
2008,ACK,45,68
2008,ACT,40,34
2008,ACV,66,51
2008,ACY,41,30
2008,ADK,29,33
2008,ADQ,33,50
2008,AEX,47,40
2008,AGS,55,44
2008,AKN,32,38
2008,ALB,44,37
2008,ALO,59,54
2008,AMA,37,32
2008,ANC,35,37
2008,ASE,44,40
2008,ATL,38,45
2008,ATW,51,45
2008,AUS,38,36
2008,AVL,46,48
2008,AVP,55,46
2008,AZO,51,43
2008,BDL,42,38
2008,BET,40,45
2008,BFL,46,45
2008,BGM,63,54
2008,BGR,54,44
2008,BHM,40,36
2008,BIL,41,38
2008,BIS,33,36
2008,BJI,43,5
2008,BLI,17,27
2008,BMI,52,44
2008,BNA,39,36
2008,BOI,43,37
2008,BOS,46,48
2008,BPT,60,43
2008,BQK,45,46
2008,BQN,43,42
2008,BRO,45,42
2008,BRW,35,33
2008,BTM,44,37
2008,BTR,43,40
2008,BTV,53,46
2008,BUF,43,40
2008,BUR,37,34
2008,BWI,37,36
2008,BZN,44,39
2008,CAE,52,47
2008,CAK,46,41
2008,CDC,49,44
2008,CDV,44,47
2008,CEC,68,54
2008,CHA,47,43
2008,CHO,66,39
2008,CHS,45,42
2008,CIC,70,61
2008,CID,48,40
2008,CLD,36,36
2008,CLE,43,40
2008,CLL,44,33
2008,CLT,40,39
2008,CMH,45,39
2008,CMI,50,48
2008,CMX,73,60
2008,COD,47,41
2008,COS,43,42
2008,CPR,38,40
2008,CRP,39,32
2008,CRW,47,45
2008,CSG,41,44
2008,CVG,40,39
2008,CWA,53,47
2008,DAB,50,41
2008,DAL,33,35
2008,DAY,46,41
2008,DBQ,41,46
2008,DCA,40,39
2008,DEN,38,38
2008,DFW,38,40
2008,DHN,47,41
2008,DLG,30,36
2008,DLH,37,41
2008,DRO,51,42
2008,DSM,45,41
2008,DTW,40,40
2008,EGE,55,47
2008,EKO,40,45
2008,ELM,55,44
2008,ELP,36,33
2008,ERI,50,49
2008,EUG,54,43
2008,EVV,45,41
2008,EWN,49,38
2008,EWR,47,55
2008,EYW,40,44
2008,FAI,37,33
2008,FAR,51,44
2008,FAT,43,40
2008,FAY,49,46
2008,FCA,43,38
2008,FLG,50,49
2008,FLL,42,39
2008,FLO,42,44
2008,FNT,40,40
2008,FSD,58,44
2008,FSM,43,36
2008,FWA,54,44
2008,GCC,36,47
2008,GEG,36,35
2008,GFK,40,37
2008,GGG,35,37
2008,GJT,38,35
2008,GNV,51,38
2008,GPT,47,38
2008,GRB,50,44
2008,GRK,42,35
2008,GRR,47,42
2008,GSO,49,45
2008,GSP,50,44
2008,GST,33,30
2008,GTF,39,36
2008,GTR,55,42
2008,GUC,51,40
2008,HDN,45,41
2008,HHH,65,45
2008,HLN,50,39
2008,HNL,33,36
2008,HOU,35,33
2008,HPN,44,42
2008,HRL,37,33
2008,HSV,45,40
2008,HTS,65,31
2008,IAD,48,43
2008,IAH,37,42
2008,ICT,45,43
2008,IDA,41,36
2008,ILM,45,43
2008,IND,42,37
2008,INL,23,59
2008,IPL,29,28
2008,ISP,37,31
2008,ITH,34,55
2008,ITO,32,33
2008,IYK,37,28
2008,JAC,46,44
2008,JAN,40,35
2008,JAX,43,39
2008,JFK,45,52
2008,JNU,40,38
2008,KOA,35,36
2008,KTN,40,35
2008,LAN,51,47
2008,LAS,37,37
2008,LAW,46,39
2008,LAX,37,38
2008,LBB,37,34
2008,LCH,51,46
2008,LEX,51,43
2008,LFT,50,42
2008,LGA,45,50
2008,LGB,40,43
2008,LIH,34,31
2008,LIT,42,37
2008,LMT,67,57
2008,LNK,63,52
2008,LRD,43,38
2008,LSE,44,47
2008,LWB,61,32
2008,LWS,37,34
2008,LYH,40,42
2008,MAF,39,34
2008,MBS,59,47
2008,MCI,39,35
2008,MCN,49,61
2008,MCO,40,39
2008,MDT,50,44
2008,MDW,37,33
2008,MEI,64,50
2008,MEM,42,44
2008,MFE,44,38
2008,MFR,60,49
2008,MGM,45,41
2008,MHT,47,38
2008,MIA,43,42
2008,MKE,42,41
2008,MKG,40,33
2008,MLB,39,38
2008,MLI,50,42
2008,MLU,47,39
2008,MOB,43,37
2008,MOD,56,54
2008,MOT,38,39
2008,MQT,66,64
2008,MRY,48,39
2008,MSN,48,41
2008,MSO,37,38
2008,MSP,38,40
2008,MSY,38,36
2008,MTJ,41,40
2008,MYR,50,43
2008,OAJ,47,41
2008,OAK,34,32
2008,OGG,35,34
2008,OKC,40,37
2008,OMA,44,39
2008,OME,37,32
2008,ONT,36,33
2008,ORD,47,56
2008,ORF,45,37
2008,OTH,61,58
2008,OTZ,38,33
2008,OXR,30,32
2008,PBI,44,43
2008,PDX,37,37
2008,PFN,57,47
2008,PHF,45,44
2008,PHL,45,45
2008,PHX,36,34
2008,PIA,55,41
2008,PIH,37,35
2008,PIR,99,12
2008,PIT,43,38
2008,PLN,51,40
2008,PMD,63,45
2008,PNS,40,37
2008,PSC,37,39
2008,PSE,47,33
2008,PSG,45,32
2008,PSP,40,40
2008,PUB,45,
2008,PVD,44,38
2008,PWM,51,43
2008,RAP,39,39
2008,RDD,66,56
2008,RDM,49,43
2008,RDU,45,42
2008,RFD,35,45
2008,RHI,38,34
2008,RIC,49,45
2008,RKS,32,42
2008,RNO,38,34
2008,ROA,51,45
2008,ROC,49,43
2008,ROW,37,33
2008,RST,44,39
2008,RSW,43,37
2008,SAN,36,35
2008,SAT,38,35
2008,SAV,46,43
2008,SBA,52,42
2008,SBN,48,47
2008,SBP,54,42
2008,SCC,39,33
2008,SCE,54,43
2008,SDF,45,38
2008,SEA,35,37
2008,SFO,48,53
2008,SGF,55,43
2008,SGU,36,35
2008,SHV,43,38
2008,SIT,47,40
2008,SJC,36,34
2008,SJT,39,33
2008,SJU,44,42
2008,SLC,37,36
2008,SLE,28,41
2008,SMF,35,34
2008,SMX,38,37
2008,SNA,36,32
2008,SPI,82,62
2008,SPS,47,35
2008,SRQ,43,40
2008,STL,39,36
2008,STT,38,38
2008,STX,45,46
2008,SUN,36,32
2008,SUX,49,41
2008,SWF,41,38
2008,SYR,47,41
2008,TEX,50,47
2008,TLH,43,41
2008,TOL,39,37
2008,TPA,41,37
2008,TRI,52,41
2008,TUL,40,38
2008,TUS,38,36
2008,TVC,53,45
2008,TWF,46,42
2008,TXK,45,34
2008,TYR,42,34
2008,TYS,48,43
2008,VLD,44,43
2008,VPS,46,40
2008,WRG,41,38
2008,WYS,19,32
2008,XNA,49,43
2008,YAK,51,44
2008,YKM,31,47
2008,YUM,35,38
2009,ABE,47,42
2009,ABI,44,36
2009,ABQ,35,30
2009,ABY,43,41
2009,ACK,50,39
2009,ACT,35,31
2009,ACV,63,45
2009,ACY,33,42
2009,ADK,45,49
2009,ADQ,33,33
2009,AEX,53,40
2009,AGS,49,48
2009,AKN,41,28
2009,ALB,42,33
2009,ALO,62,41
2009,AMA,40,32
2009,ANC,35,33
2009,ASE,47,36
2009,ATL,39,47
2009,ATW,45,42
2009,AUS,39,34
2009,AVL,46,41
2009,AVP,49,43
2009,AZO,48,39
2009,BDL,40,34
2009,BET,31,32
2009,BFL,40,38
2009,BGM,53,38
2009,BGR,47,45
2009,BHM,41,35
2009,BIL,46,42
2009,BIS,41,33
2009,BJI,26,12
2009,BKG,43,28
2009,BLI,39,32
2009,BMI,43,38
2009,BNA,37,33
2009,BOI,39,33
2009,BOS,45,45
2009,BQK,45,37
2009,BQN,34,37
2009,BRO,45,42
2009,BRW,32,36
2009,BTM,40,39
2009,BTR,45,41
2009,BTV,49,40
2009,BUF,41,34
2009,BUR,35,30
2009,BWI,35,32
2009,BZN,38,31
2009,CAE,48,44
2009,CAK,42,40
2009,CDC,32,36
2009,CDV,41,41
2009,CEC,68,51
2009,CHA,47,44
2009,CHO,55,35
2009,CHS,44,39
2009,CIC,65,61
2009,CID,41,36
2009,CLD,36,35
2009,CLE,43,35
2009,CLL,45,31
2009,CLT,39,37
2009,CMH,41,34
2009,CMI,48,40
2009,CMX,108,28
2009,COD,50,37
2009,COS,44,40
2009,CPR,52,42
2009,CRP,44,36
2009,CRW,44,39
2009,CSG,54,50
2009,CVG,40,37
2009,CWA,47,43
2009,DAB,52,42
2009,DAL,33,31
2009,DAY,44,38
2009,DBQ,53,37
2009,DCA,41,37
2009,DEN,37,36
2009,DFW,39,41
2009,DHN,53,43
2009,DLG,27,36
2009,DLH,37,33
2009,DRO,47,43
2009,DSM,44,39
2009,DTW,37,35
2009,EGE,55,42
2009,EKO,44,34
2009,ELM,49,44
2009,ELP,34,30
2009,ERI,47,42
2009,EUG,56,39
2009,EVV,41,36
2009,EWN,47,49
2009,EWR,46,58
2009,EYW,41,42
2009,FAI,36,32
2009,FAR,44,40
2009,FAT,47,41
2009,FAY,46,45
2009,FCA,37,35
2009,FLG,50,43
2009,FLL,38,35
2009,FLO,39,38
2009,FNT,41,36
2009,FSD,46,40
2009,FSM,39,32
2009,FWA,47,41
2009,GCC,52,41
2009,GEG,36,31
2009,GFK,49,38
2009,GGG,36,37
2009,GJT,46,42
2009,GNV,51,44
2009,GPT,44,39
2009,GRB,46,40
2009,GRK,41,36
2009,GRR,42,38
2009,GSO,47,41
2009,GSP,51,41
2009,GST,25,29
2009,GTF,40,34
2009,GTR,54,39
2009,GUC,50,36
2009,HDN,46,40
2009,HLN,40,41
2009,HNL,33,40
2009,HOU,35,29
2009,HPN,41,38
2009,HRL,40,34
2009,HSV,45,43
2009,HTS,47,35
2009,IAD,46,39
2009,IAH,35,37
2009,ICT,45,42
2009,IDA,44,39
2009,ILM,48,44
2009,IND,43,32
2009,IPL,32,35
2009,ISP,33,27
2009,ITH,58,36
2009,ITO,35,36
2009,IYK,32,26
2009,JAC,44,37
2009,JAN,40,35
2009,JAX,41,35
2009,JFK,44,48
2009,JNU,38,37
2009,KOA,33,36
2009,KTN,39,35
2009,LAN,49,40
2009,LAS,34,31
2009,LAW,48,34
2009,LAX,36,32
2009,LBB,37,31
2009,LCH,43,44
2009,LEX,48,43
2009,LFT,47,40
2009,LGA,46,48
2009,LGB,39,37
2009,LIH,35,34
2009,LIT,40,36
2009,LMT,71,58
2009,LNK,49,41
2009,LRD,38,35
2009,LSE,40,38
2009,LWB,52,56
2009,LWS,33,40
2009,LYH,39,44
2009,MAF,39,36
2009,MBS,44,39
2009,MCI,38,32
2009,MCO,39,35
2009,MDT,45,42
2009,MDW,33,28
2009,MEI,43,49
2009,MEM,40,38
2009,MFE,45,36
2009,MFR,62,42
2009,MGM,46,42
2009,MHK,36,34
2009,MHT,45,33
2009,MIA,42,42
2009,MKE,41,37
2009,MLB,48,46
2009,MLI,42,41
2009,MLU,46,39
2009,MOB,44,40
2009,MOD,57,50
2009,MOT,45,46
2009,MQT,44,50
2009,MRY,53,42
2009,MSN,45,36
2009,MSO,33,34
2009,MSP,37,40
2009,MSY,38,33
2009,MTJ,45,43
2009,MWH,127,26
2009,MYR,48,45
2009,OAJ,50,46
2009,OAK,32,26
2009,OGG,35,39
2009,OKC,38,35
2009,OMA,38,37
2009,OME,38,33
2009,ONT,36,30
2009,ORD,42,45
2009,ORF,40,33
2009,OTH,59,46
2009,OTZ,36,29
2009,OXR,34,30
2009,PBI,43,38
2009,PDX,35,31
2009,PFN,46,43
2009,PHF,44,42
2009,PHL,44,44
2009,PHX,34,31
2009,PIA,45,36
2009,PIH,36,36
2009,PIR,36,
2009,PIT,40,35
2009,PLN,51,31
2009,PNS,41,37
2009,PSC,40,38
2009,PSE,46,52
2009,PSG,36,35
2009,PSP,43,38
2009,PVD,43,31
2009,PWM,45,39
2009,RAP,46,40
2009,RDD,68,45
2009,RDM,41,40
2009,RDU,42,37
2009,RHI,31,63
2009,RIC,45,41
2009,RKS,38,43
2009,RNO,36,29
2009,ROA,46,43
2009,ROC,48,39
2009,ROW,42,35
2009,RST,47,33
2009,RSW,40,34
2009,SAF,44,36
2009,SAN,35,31
2009,SAT,37,32
2009,SAV,46,42
2009,SBA,57,39
2009,SBN,46,43
2009,SBP,67,46
2009,SCC,40,35
2009,SCE,55,34
2009,SDF,42,35
2009,SEA,34,30
2009,SFO,47,51
2009,SGF,46,42
2009,SGU,38,35
2009,SHV,46,40
2009,SIT,39,35
2009,SJC,34,29
2009,SJT,43,37
2009,SJU,38,36
2009,SLC,35,32
2009,SMF,34,30
2009,SMX,38,37
2009,SNA,35,31
2009,SPI,57,43
2009,SPS,32,32
2009,SRQ,40,35
2009,STL,38,33
2009,STT,38,38
2009,STX,42,35
2009,SUN,35,28
2009,SUX,20,
2009,SWF,49,42
2009,SYR,43,39
2009,TEX,37,14
2009,TLH,48,44
2009,TOL,39,39
2009,TPA,38,33
2009,TRI,44,42
2009,TUL,40,36
2009,TUS,36,33
2009,TVC,46,39
2009,TWF,38,45
2009,TXK,38,30
2009,TYR,39,31
2009,TYS,47,40
2009,VLD,54,49
2009,VPS,44,40
2009,WRG,40,37
2009,WYS,27,29
2009,XNA,48,43
2009,YAK,41,45
2009,YUM,42,41
2010,ABE,46,45
2010,ABI,35,36
2010,ABQ,35,29
2010,ABR,198,54
2010,ABY,49,38
2010,ACK,50,31
2010,ACT,40,43
2010,ACV,71,53
2010,ACY,51,44
2010,ADK,40,38
2010,ADQ,31,34
2010,AEX,48,36
2010,AGS,50,43
2010,AKN,22,30
2010,ALB,40,33
2010,ALO,39,48
2010,AMA,35,30
2010,ANC,34,33
2010,ASE,44,32
2010,ATL,40,42
2010,ATW,49,43
2010,AUS,36,32
2010,AVL,48,40
2010,AVP,47,45
2010,AZO,53,42
2010,BDL,37,33
2010,BET,32,34
2010,BFL,59,47
2010,BGM,46,32
2010,BGR,48,41
2010,BHM,40,33
2010,BIL,38,34
2010,BIS,38,39
2010,BJI,18,71
2010,BKG,33,32
2010,BLI,30,29
2010,BMI,46,41
2010,BNA,35,31
2010,BOI,39,33
2010,BOS,42,43
2010,BQK,52,34
2010,BQN,37,35
2010,BRO,39,36
2010,BRW,35,41
2010,BTM,63,51
2010,BTR,46,37
2010,BTV,46,41
2010,BUF,41,35
2010,BUR,36,30
2010,BWI,34,32
2010,BZN,40,35
2010,CAE,48,46
2010,CAK,46,43
2010,CDC,36,37
2010,CDV,36,37
2010,CEC,70,55
2010,CHA,49,42
2010,CHO,58,33
2010,CHS,44,38
2010,CIC,62,55
2010,CID,44,36
2010,CLD,36,38
2010,CLE,39,37
2010,CLL,38,38
2010,CLT,40,36
2010,CMH,37,34
2010,CMI,48,45
2010,CMX,51,37
2010,COD,36,32
2010,COS,43,38
2010,COU,49,38
2010,CPR,44,39
2010,CRP,42,34
2010,CRW,46,42
2010,CSG,52,47
2010,CVG,42,38
2010,CWA,50,40
2010,CYS,42,35
2010,DAB,47,39
2010,DAL,33,30
2010,DAY,46,39
2010,DBQ,54,37
2010,DCA,40,38
2010,DEN,35,31
2010,DFW,37,37
2010,DHN,66,41
2010,DLG,42,60
2010,DLH,44,38
2010,DRO,41,35
2010,DSM,43,38
2010,DTW,38,36
2010,EAU,59,39
2010,ECP,40,31
2010,EGE,50,33
2010,EKO,32,37
2010,ELM,45,42
2010,ELP,37,31
2010,ERI,49,38
2010,EUG,57,48
2010,EVV,46,40
2010,EWN,57,41
2010,EWR,43,46
2010,EYW,38,36
2010,FAI,35,33
2010,FAR,43,37
2010,FAT,44,42
2010,FAY,51,44
2010,FCA,39,41
2010,FLG,45,36
2010,FLL,38,33
2010,FLO,38,34
2010,FNT,40,40
2010,FSD,45,39
2010,FSM,38,34
2010,FWA,46,43
2010,GCC,38,37
2010,GEG,38,30
2010,GFK,42,40
2010,GGG,31,32
2010,GJT,42,38
2010,GNV,50,42
2010,GPT,44,37
2010,GRB,47,43
2010,GRK,39,36
2010,GRR,42,40
2010,GSO,45,41
2010,GSP,49,40
2010,GST,39,38
2010,GTF,35,34
2010,GTR,50,35
2010,GUC,51,42
2010,GUM,23,127
2010,HDN,45,35
2010,HLN,38,34
2010,HNL,33,38
2010,HOU,33,28
2010,HPN,46,42
2010,HRL,35,33
2010,HSV,50,41
2010,HTS,32,27
2010,IAD,45,38
2010,IAH,33,36
2010,ICT,47,37
2010,IDA,33,37
2010,ILM,55,43
2010,IND,39,34
2010,IPL,31,32
2010,ISP,32,28
2010,ITH,50,37
2010,ITO,30,31
2010,IYK,23,24
2010,JAC,41,36
2010,JAN,41,35
2010,JAX,37,33
2010,JFK,45,43
2010,JNU,37,32
2010,KOA,35,37
2010,KTN,41,33
2010,LAN,47,43
2010,LAS,34,28
2010,LAX,35,31
2010,LBB,38,34
2010,LCH,35,40
2010,LEX,50,39
2010,LFT,47,40
2010,LGA,44,41
2010,LGB,41,39
2010,LIH,35,35
2010,LIT,41,33
2010,LMT,74,58
2010,LNK,51,40
2010,LRD,38,38
2010,LSE,39,35
2010,LWB,50,49
2010,LWS,34,48
2010,LYH,52,40
2010,MAF,36,32
2010,MBS,44,43
2010,MCI,37,31
2010,MCO,37,33
2010,MDT,42,38
2010,MDW,33,27
2010,MEI,72,36
2010,MEM,43,37
2010,MFE,42,35
2010,MFR,66,51
2010,MGM,49,40
2010,MHK,37,36
2010,MHT,39,32
2010,MIA,40,36
2010,MKE,39,35
2010,MKG,51,43
2010,MLB,51,41
2010,MLI,43,36
2010,MLU,45,43
2010,MMH,26,0
2010,MOB,46,38
2010,MOD,65,58
2010,MOT,38,41
2010,MQT,55,44
2010,MRY,58,45
2010,MSN,44,38
2010,MSO,35,33
2010,MSP,38,34
2010,MSY,36,31
2010,MTJ,42,35
2010,MWH,49,39
2010,MYR,42,38
2010,OAJ,50,42
2010,OAK,32,29
2010,OGG,34,37
2010,OKC,37,34
2010,OMA,39,35
2010,OME,31,32
2010,ONT,35,29
2010,ORD,42,46
2010,ORF,41,34
2010,OTH,70,54
2010,OTZ,31,28
2010,OXR,33,36
2010,PAH,60,36
2010,PBI,40,35
2010,PDX,35,30
2010,PFN,54,40
2010,PHF,44,44
2010,PHL,40,37
2010,PHX,34,28
2010,PIA,45,40
2010,PIE,,5
2010,PIH,33,35
2010,PIT,39,34
2010,PLN,55,43
2010,PNS,42,38
2010,PSC,36,38
2010,PSE,39,39
2010,PSG,40,38
2010,PSP,43,40
2010,PVD,39,33
2010,PWM,44,41
2010,RAP,42,36
2010,RDD,65,58
2010,RDM,44,43
2010,RDU,40,35
2010,RIC,44,39
2010,RKS,38,40
2010,RNO,37,32
2010,ROA,54,42
2010,ROC,45,40
2010,ROW,43,37
2010,RST,40,40
2010,RSW,40,33
2010,SAF,38,34
2010,SAN,35,29
2010,SAT,35,31
2010,SAV,43,41
2010,SBA,55,42
2010,SBN,45,45
2010,SBP,64,47
2010,SCC,45,41
2010,SCE,48,39
2010,SDF,40,34
2010,SEA,35,28
2010,SFO,49,53
2010,SGF,44,38
2010,SGU,34,35
2010,SHV,49,38
2010,SIT,45,35
2010,SJC,32,30
2010,SJT,32,34
2010,SJU,38,34
2010,SLC,35,31
2010,SMF,34,31
2010,SMX,31,33
2010,SNA,35,28
2010,SPI,50,43
2010,SPS,36,33
2010,SRQ,47,39
2010,STL,35,31
2010,STT,45,36
2010,STX,40,37
2010,SUN,32,30
2010,SUX,42,47
2010,SWF,49,44
2010,SYR,45,40
2010,TEX,50,43
2010,TLH,50,42
2010,TOL,44,47
2010,TPA,36,31
2010,TRI,56,40
2010,TUL,37,34
2010,TUS,35,32
2010,TVC,45,44
2010,TWF,33,34
2010,TXK,48,37
2010,TYR,37,31
2010,TYS,45,41
2010,UTM,25,13
2010,VLD,43,37
2010,VPS,45,40
2010,WRG,39,34
2010,WYS,31,27
2010,XNA,49,41
2010,YAK,47,37
2010,YUM,33,32
2011,ABE,50,45
2011,ABI,46,36
2011,ABQ,33,30
2011,ABY,47,46
2011,ACK,53,37
2011,ACT,49,39
2011,ACV,58,46
2011,ACY,54,38
2011,ADK,30,27
2011,ADQ,36,31
2011,AEX,42,41
2011,AGS,48,44
2011,AKN,34,41
2011,ALB,45,35
2011,AMA,37,33
2011,ANC,35,36
2011,ART,57,0
2011,ASE,45,36
2011,ATL,39,41
2011,ATW,49,45
2011,AUS,36,32
2011,AVL,46,41
2011,AVP,48,45
2011,AZO,57,39
2011,BDL,38,35
2011,BET,35,40
2011,BFL,55,42
2011,BGM,65,-6
2011,BGR,43,46
2011,BHM,37,31
2011,BIL,38,37
2011,BIS,49,41
2011,BKG,32,31
2011,BLI,60,35
2011,BMI,44,41
2011,BNA,37,33
2011,BOI,38,32
2011,BOS,43,46
2011,BPT,20,29
2011,BQK,57,50
2011,BQN,40,38
2011,BRO,37,36
2011,BRW,30,31
2011,BTM,39,35
2011,BTR,44,42
2011,BTV,51,46
2011,BUF,40,36
2011,BUR,37,31
2011,BWI,35,33
2011,BZN,39,35
2011,CAE,50,48
2011,CAK,43,41
2011,CDC,25,31
2011,CDV,35,36
2011,CEC,64,53
2011,CHA,44,45
2011,CHO,45,34
2011,CHS,44,36
2011,CIC,56,55
2011,CID,47,40
2011,CLD,33,36
2011,CLE,42,40
2011,CLL,33,31
2011,CLT,39,38
2011,CMH,41,35
2011,CMI,48,43
2011,CMX,50,38
2011,COD,43,36
2011,COS,43,41
2011,CPR,42,36
2011,CRP,40,33
2011,CRW,47,44
2011,CSG,48,42
2011,CVG,49,39
2011,CWA,40,49
2011,CYS,41,23
2011,DAB,43,34
2011,DAL,31,30
2011,DAY,48,43
2011,DBQ,33,23
2011,DCA,42,41
2011,DEN,36,33
2011,DFW,37,37
2011,DHN,63,49
2011,DLG,85,28
2011,DLH,54,44
2011,DRO,42,38
2011,DSM,44,42
2011,DTW,40,34
2011,EAU,66,45
2011,ECP,43,34
2011,EGE,49,40
2011,EKO,30,29
2011,ELM,46,41
2011,ELP,37,32
2011,EUG,56,43
2011,EVV,45,42
2011,EWN,47,41
2011,EWR,45,49
2011,EYW,36,42
2011,FAI,35,34
2011,FAR,51,42
2011,FAT,39,43
2011,FAY,47,42
2011,FCA,33,31
2011,FLG,55,41
2011,FLL,38,35
2011,FLO,49,46
2011,FNT,42,36
2011,FSD,49,44
2011,FSM,43,28
2011,FWA,43,38
2011,GCC,42,35
2011,GEG,35,30
2011,GFK,42,47
2011,GGG,48,25
2011,GJT,41,39
2011,GNV,47,45
2011,GPT,43,38
2011,GRB,53,45
2011,GRI,31,26
2011,GRK,45,43
2011,GRR,45,40
2011,GSO,49,42
2011,GSP,49,39
2011,GST,40,45
2011,GTF,39,35
2011,GTR,57,43
2011,GUC,40,35
2011,GUM,28,36
2011,HDN,46,33
2011,HLN,38,40
2011,HNL,35,37
2011,HOB,50,34
2011,HOU,32,28
2011,HPN,47,46
2011,HRL,37,31
2011,HSV,49,43
2011,IAD,48,43
2011,IAH,35,36
2011,ICT,48,44
2011,IDA,36,38
2011,ILM,46,44
2011,IND,39,33
2011,IPL,31,36
2011,ISP,40,32
2011,ITO,37,39
2011,IYK,39,29
2011,JAC,45,34
2011,JAN,40,35
2011,JAX,40,34
2011,JFK,46,44
2011,JNU,37,40
2011,KOA,39,37
2011,KTN,40,34
2011,LAN,55,45
2011,LAS,34,30
2011,LAX,35,34
2011,LBB,38,32
2011,LCH,37,33
2011,LEX,49,41
2011,LFT,47,42
2011,LGA,45,45
2011,LGB,44,37
2011,LIH,40,37
2011,LIT,42,35
2011,LMT,55,36
2011,LNK,51,47
2011,LRD,47,36
2011,LSE,56,38
2011,LWB,42,36
2011,LWS,31,29
2011,LYH,24,81
2011,MAF,37,35
2011,MBS,51,44
2011,MCI,36,33
2011,MCO,40,36
2011,MDT,48,44
2011,MDW,33,27
2011,MEI,55,50
2011,MEM,47,43
2011,MFE,41,38
2011,MFR,65,43
2011,MGM,49,44
2011,MHK,41,40
2011,MHT,43,31
2011,MIA,41,37
2011,MKE,41,37
2011,MKG,58,56
2011,MLB,48,37
2011,MLI,47,45
2011,MLU,52,48
2011,MMH,40,35
2011,MOB,47,42
2011,MOD,53,52
2011,MOT,37,40
2011,MQT,64,47
2011,MRY,52,44
2011,MSN,46,38
2011,MSO,38,37
2011,MSP,40,33
2011,MSY,36,31
2011,MTJ,39,39
2011,MVY,42,29
2011,MYR,43,44
2011,OAJ,51,46
2011,OAK,31,28
2011,OGG,37,37
2011,OKC,38,34
2011,OMA,41,35
2011,OME,33,30
2011,ONT,35,30
2011,ORD,44,47
2011,ORF,44,36
2011,OTH,64,50
2011,OTZ,34,33
2011,PAH,65,56
2011,PBI,43,36
2011,PDX,34,31
2011,PHF,46,45
2011,PHL,42,41
2011,PHX,35,30
2011,PIA,47,39
2011,PIE,48,35
2011,PIH,36,30
2011,PIT,39,36
2011,PNS,39,38
2011,PSC,47,37
2011,PSE,58,50
2011,PSG,39,29
2011,PSP,44,42
2011,PVD,42,33
2011,PWM,47,43
2011,RAP,47,43
2011,RDD,59,51
2011,RDM,47,44
2011,RDU,42,37
2011,RFD,30,17
2011,RIC,48,44
2011,RKS,34,40
2011,RNO,36,30
2011,ROA,57,49
2011,ROC,50,43
2011,ROW,49,38
2011,RST,38,35
2011,RSW,41,35
2011,SAF,39,39
2011,SAN,34,31
2011,SAT,35,31
2011,SAV,47,42
2011,SBA,55,44
2011,SBN,53,50
2011,SBP,47,41
2011,SCC,35,43
2011,SCE,20,
2011,SDF,43,35
2011,SEA,35,30
2011,SFO,47,49
2011,SGF,53,43
2011,SGU,30,35
2011,SHV,51,44
2011,SIT,45,37
2011,SJC,34,30
2011,SJU,36,39
2011,SLC,36,30
2011,SMF,33,31
2011,SMX,31,31
2011,SNA,35,28
2011,SPI,50,43
2011,SPN,43,
2011,SPS,44,34
2011,SRQ,42,34
2011,STL,35,32
2011,STT,44,39
2011,STX,38,42
2011,SUN,35,30
2011,SWF,49,49
2011,SYR,51,44
2011,TEX,45,30
2011,TLH,44,41
2011,TOL,51,37
2011,TPA,39,32
2011,TRI,54,43
2011,TUL,40,36
2011,TUS,36,34
2011,TVC,46,39
2011,TWF,28,28
2011,TXK,43,34
2011,TYR,38,32
2011,TYS,47,43
2011,UTM,97,32
2011,VLD,49,46
2011,VPS,43,42
2011,WRG,49,34
2011,WYS,25,25
2011,XNA,50,42
2011,YAK,47,27
2011,YUM,44,41
2013,ABE,50,45
2013,ABI,45,42
2013,ABQ,35,31
2013,ABR,48,39
2013,ABY,45,38
2013,ACK,46,39
2013,ACT,45,38
2013,ACV,71,61
2013,ADK,31,35
2013,ADQ,32,45
2013,AEX,50,39
2013,AGS,48,41
2013,AKN,23,17
2013,ALB,40,33
2013,ALO,51,56
2013,AMA,41,36
2013,ANC,34,32
2013,APN,34,43
2013,ART,48,48
2013,ASE,39,36
2013,ATL,39,45
2013,ATW,51,44
2013,AUS,37,34
2013,AVL,49,47
2013,AVP,60,52
2013,AZA,27,13
2013,AZO,49,43
2013,BDL,37,36
2013,BET,37,41
2013,BFL,54,48
2013,BGM,39,41
2013,BGR,46,50
2013,BHM,40,35
2013,BIL,41,40
2013,BIS,40,39
2013,BJI,32,41
2013,BKG,33,22
2013,BLI,43,13
2013,BMI,46,41
2013,BNA,38,34
2013,BOI,45,34
2013,BOS,43,42
2013,BPT,49,48
2013,BQK,47,40
2013,BQN,41,40
2013,BRD,43,32
2013,BRO,52,42
2013,BRW,37,37
2013,BTM,43,47
2013,BTR,45,42
2013,BTV,51,46
2013,BUF,44,38
2013,BUR,37,29
2013,BWI,35,32
2013,BZN,41,33
2013,CAE,55,49
2013,CAK,45,38
2013,CDC,32,33
2013,CDV,43,37
2013,CEC,76,56
2013,CHA,51,45
2013,CHO,46,46
2013,CHS,44,39
2013,CIC,67,66
2013,CID,45,43
2013,CIU,38,47
2013,CLD,39,38
2013,CLE,47,41
2013,CLL,43,40
2013,CLT,42,39
2013,CMH,45,38
2013,CMI,53,49
2013,CMX,51,49
2013,COD,30,43
2013,COS,46,42
2013,COU,40,46
2013,CPR,42,41
2013,CRP,42,36
2013,CRW,49,45
2013,CSG,47,47
2013,CVG,52,43
2013,CWA,51,45
2013,CYS,60,
2013,DAB,45,28
2013,DAL,30,32
2013,DAY,48,40
2013,DBQ,52,31
2013,DCA,45,43
2013,DEN,37,37
2013,DFW,39,41
2013,DHN,53,44
2013,DIK,35,50
2013,DLG,32,31
2013,DLH,59,44
2013,DRO,40,44
2013,DRT,25,30
2013,DSM,45,41
2013,DTW,46,38
2013,EAU,47,47
2013,ECP,45,34
2013,EGE,52,40
2013,EKO,33,33
2013,ELM,61,46
2013,ELP,37,33
2013,ERI,39,42
2013,ESC,38,36
2013,EUG,58,43
2013,EVV,51,44
2013,EWN,50,40
2013,EWR,48,50
2013,EYW,39,34
2013,FAI,39,30
2013,FAR,48,45
2013,FAT,50,43
2013,FAY,52,38
2013,FCA,40,32
2013,FLG,32,42
2013,FLL,42,38
2013,FNT,43,34
2013,FSD,52,45
2013,FSM,47,38
2013,FWA,49,41
2013,GCC,43,38
2013,GCK,36,37
2013,GEG,32,30
2013,GFK,49,37
2013,GGG,42,38
2013,GJT,44,40
2013,GNV,55,42
2013,GPT,43,42
2013,GRB,51,46
2013,GRI,38,41
2013,GRK,46,39
2013,GRR,42,40
2013,GSO,48,44
2013,GSP,46,40
2013,GST,34,57
2013,GTF,41,36
2013,GTR,53,41
2013,GUC,65,47
2013,GUM,23,38
2013,HDN,38,30
2013,HIB,31,32
2013,HLN,48,44
2013,HNL,40,44
2013,HOB,39,45
2013,HOU,31,29
2013,HPN,48,41
2013,HRL,40,32
2013,HSV,49,42
2013,IAD,46,42
2013,IAH,40,39
2013,ICT,44,41
2013,IDA,34,36
2013,ILG,52,37
2013,ILM,49,47
2013,IMT,58,46
2013,IND,41,35
2013,INL,53,53
2013,IPL,39,35
2013,ISN,40,36
2013,ISP,33,32
2013,ITH,39,40
2013,ITO,46,43
2013,IYK,25,29
2013,JAC,45,35
2013,JAN,42,35
2013,JAX,41,36
2013,JFK,47,52
2013,JLN,45,37
2013,JNU,37,38
2013,KOA,42,49
2013,KTN,43,38
2013,LAN,44,44
2013,LAR,56,37
2013,LAS,35,31
2013,LAW,42,34
2013,LAX,37,34
2013,LBB,39,36
2013,LCH,47,41
2013,LEX,47,43
2013,LFT,46,38
2013,LGA,49,48
2013,LGB,45,36
2013,LIH,38,43
2013,LIT,40,38
2013,LMT,40,50
2013,LNK,53,47
2013,LRD,41,37
2013,LSE,48,40
2013,LWS,45,46
2013,MAF,38,35
2013,MBS,56,41
2013,MCI,37,34
2013,MCO,40,36
2013,MDT,55,45
2013,MDW,32,30
2013,MEM,45,41
2013,MFE,45,39
2013,MFR,67,48
2013,MGM,53,42
2013,MHK,51,40
2013,MHT,37,36
2013,MIA,39,38
2013,MKE,41,35
2013,MKG,56,52
2013,MLB,42,26
2013,MLI,48,41
2013,MLU,49,40
2013,MMH,56,39
2013,MOB,47,39
2013,MOD,64,59
2013,MOT,40,42
2013,MQT,57,47
2013,MRY,53,44
2013,MSN,52,44
2013,MSO,40,34
2013,MSP,41,37
2013,MSY,37,32
2013,MTJ,38,39
2013,MVY,56,28
2013,MYR,45,43
2013,OAJ,52,46
2013,OAK,31,27
2013,OGG,36,42
2013,OKC,40,36
2013,OMA,42,37
2013,OME,31,34
2013,ONT,36,30
2013,ORD,46,49
2013,ORF,44,36
2013,OTH,74,56
2013,OTZ,32,35
2013,PAH,46,47
2013,PBI,41,38
2013,PDX,38,33
2013,PHF,51,42
2013,PHL,45,44
2013,PHX,33,30
2013,PIA,56,49
2013,PIH,34,26
2013,PIT,42,37
2013,PLN,54,49
2013,PNS,40,37
2013,PPG,60,64
2013,PSC,54,41
2013,PSE,54,49
2013,PSG,37,33
2013,PSP,48,42
2013,PVD,39,35
2013,PWM,45,39
2013,RAP,41,39
2013,RDD,70,60
2013,RDM,64,43
2013,RDU,45,37
2013,RFD,31,40
2013,RHI,37,37
2013,RIC,52,45
2013,RKS,39,40
2013,RNO,35,31
2013,ROA,52,43
2013,ROC,43,38
2013,ROW,38,41
2013,RST,44,39
2013,RSW,40,35
2013,SAF,38,40
2013,SAN,36,31
2013,SAT,37,32
2013,SAV,44,46
2013,SBA,64,44
2013,SBN,44,43
2013,SBP,61,43
2013,SCC,33,32
2013,SCE,45,33
2013,SDF,44,37
2013,SEA,34,32
2013,SFO,48,53
2013,SGF,48,44
2013,SGU,40,39
2013,SHD,85,
2013,SHV,50,46
2013,SIT,44,38
2013,SJC,33,29
2013,SJT,42,39
2013,SJU,39,35
2013,SLC,38,33
2013,SMF,35,30
2013,SMX,40,35
2013,SNA,35,26
2013,SPI,56,43
2013,SPS,44,40
2013,SRQ,48,37
2013,STL,36,31
2013,STT,42,33
2013,STX,39,34
2013,SUN,32,28
2013,SUX,55,45
2013,SWF,48,46
2013,SYR,50,42
2013,TLH,48,42
2013,TPA,38,34
2013,TRI,44,35
2013,TTN,38,47
2013,TUL,41,36
2013,TUS,37,34
2013,TVC,51,44
2013,TWF,47,31
2013,TXK,48,48
2013,TYR,48,43
2013,TYS,49,47
2013,VLD,53,39
2013,VPS,45,40
2013,WRG,38,38
2013,WYS,22,30
2013,XNA,50,45
2013,YAK,33,38
2013,YUM,40,36
2014,ABE,68,42
2014,ABI,40,36
2014,ABQ,36,33
2014,ABR,55,30
2014,ABY,39,32
2014,ACT,34,35
2014,ACV,63,46
2014,ADK,21,31
2014,ADQ,37,29
2014,AEX,48,41
2014,AGS,39,38
2014,ALB,38,29
2014,ALO,56,56
2014,AMA,42,38
2014,ANC,36,30
2014,APN,40,45
2014,ART,51,47
2014,ASE,51,38
2014,ATL,36,40
2014,ATW,48,44
2014,AUS,37,32
2014,AVL,55,41
2014,AVP,53,35
2014,AZO,32,27
2014,BDL,39,30
2014,BET,52,56
2014,BFL,44,42
2014,BGR,86,42
2014,BHM,43,35
2014,BIL,44,40
2014,BIS,43,43
2014,BJI,37,29
2014,BKG,54,32
2014,BLI,42,15
2014,BMI,44,39
2014,BNA,39,35
2014,BOI,40,35
2014,BOS,40,34
2014,BPT,39,28
2014,BQK,65,52
2014,BQN,46,42
2014,BRD,45,42
2014,BRO,46,45
2014,BRW,33,48
2014,BTM,40,33
2014,BTR,47,40
2014,BTV,67,44
2014,BUF,40,33
2014,BUR,37,32
2014,BWI,35,31
2014,BZN,47,37
2014,CAE,58,47
2014,CAK,44,32
2014,CDC,68,50
2014,CDV,37,35
2014,CEC,72,46
2014,CHA,50,40
2014,CHO,53,32
2014,CHS,41,39
2014,CIC,53,54
2014,CID,41,39
2014,CLD,46,42
2014,CLE,46,42
2014,CLL,38,38
2014,CLT,38,34
2014,CMH,42,37
2014,CMI,59,64
2014,CMX,82,53
2014,CNY,23,27
2014,COD,30,35
2014,COS,56,48
2014,COU,59,59
2014,CPR,40,34
2014,CRP,39,39
2014,CRW,45,35
2014,CSG,39,39
2014,CVG,44,40
2014,CWA,60,58
2014,DAB,42,34
2014,DAL,34,32
2014,DAY,45,34
2014,DBQ,59,61
2014,DCA,40,37
2014,DEN,38,39
2014,DFW,37,38
2014,DHN,42,36
2014,DIK,59,52
2014,DLH,54,46
2014,DRO,53,52
2014,DSM,47,42
2014,DTW,44,35
2014,EAU,44,50
2014,ECP,44,29
2014,EGE,56,39
2014,EKO,60,31
2014,ELM,50,48
2014,ELP,39,33
2014,EUG,54,46
2014,EVV,51,48
2014,EWN,40,40
2014,EWR,46,40
2014,EYW,31,33
2014,FAI,42,28
2014,FAR,51,48
2014,FAT,47,42
2014,FAY,53,43
2014,FCA,42,51
2014,FLG,44,55
2014,FLL,39,40
2014,FNT,40,28
2014,FOE,61,62
2014,FSD,51,50
2014,FSM,49,35
2014,FWA,53,50
2014,GCC,66,43
2014,GCK,30,40
2014,GEG,37,32
2014,GFK,,35
2014,GGG,44,41
2014,GJT,38,41
2014,GNV,43,40
2014,GPT,51,37
2014,GRB,45,43
2014,GRI,29,43
2014,GRK,53,38
2014,GRR,46,36
2014,GSO,50,41
2014,GSP,43,37
2014,GTF,45,34
2014,GTR,67,54
2014,GUC,41,40
2014,GUM,36,41
2014,HDN,43,41
2014,HIB,53,37
2014,HLN,36,52
2014,HNL,31,38
2014,HOB,31,42
2014,HOU,34,30
2014,HPN,43,38
2014,HRL,38,33
2014,HSV,47,39
2014,IAD,46,38
2014,IAH,40,40
2014,ICT,39,39
2014,IDA,41,40
2014,ILG,59,46
2014,ILM,53,38
2014,IMT,35,39
2014,IND,42,34
2014,INL,46,50
2014,ISN,44,44
2014,ISP,42,30
2014,ITO,27,26
2014,JAC,47,41
2014,JAN,38,36
2014,JAX,40,37
2014,JFK,47,39
2014,JLN,35,36
2014,JNU,59,28
2014,KOA,32,38
2014,KTN,49,35
2014,LAN,52,45
2014,LAR,93,38
2014,LAS,36,34
2014,LAW,42,31
2014,LAX,38,37
2014,LBB,40,37
2014,LCH,67,36
2014,LEX,45,40
2014,LFT,42,39
2014,LGA,46,40
2014,LGB,44,41
2014,LIH,29,34
2014,LIT,39,38
2014,LMT,71,42
2014,LNK,61,49
2014,LRD,48,41
2014,LSE,43,42
2014,LWS,39,20
2014,MAF,42,32
2014,MBS,40,34
2014,MCI,39,35
2014,MCO,39,39
2014,MDT,49,40
2014,MDW,34,32
2014,MEM,39,34
2014,MFE,44,40
2014,MFR,66,42
2014,MGM,49,37
2014,MHK,43,37
2014,MHT,41,30
2014,MIA,35,37
2014,MKE,40,36
2014,MKG,42,44
2014,MLB,33,32
2014,MLI,43,46
2014,MLU,45,39
2014,MMH,45,36
2014,MOB,43,40
2014,MOD,60,44
2014,MOT,37,37
2014,MQT,56,74
2014,MRY,56,46
2014,MSN,46,40
2014,MSO,42,39
2014,MSP,41,36
2014,MSY,36,31
2014,MTJ,42,41
2014,MYR,45,38
2014,OAJ,46,41
2014,OAK,34,31
2014,OGG,29,35
2014,OKC,41,37
2014,OMA,42,37
2014,OME,39,43
2014,ONT,35,31
2014,ORD,43,50
2014,ORF,43,32
2014,ORH,50,30
2014,OTH,67,65
2014,OTZ,40,52
2014,PAH,55,49
2014,PBI,42,41
2014,PDX,38,36
2014,PHF,42,42
2014,PHL,44,39
2014,PHX,34,31
2014,PIA,44,42
2014,PIH,30,36
2014,PIT,42,33
2014,PNS,40,34
2014,PPG,21,17
2014,PSC,49,42
2014,PSE,49,50
2014,PSG,80,25
2014,PSP,45,45
2014,PVD,42,30
2014,PWM,50,42
2014,RAP,52,47
2014,RDD,67,52
2014,RDM,52,44
2014,RDU,40,35
2014,RHI,46,33
2014,RIC,52,39
2014,RKS,38,35
2014,RNO,39,33
2014,ROA,66,46
2014,ROC,44,35
2014,ROW,37,34
2014,RST,53,33
2014,RSW,39,36
2014,SAF,48,45
2014,SAN,37,32
2014,SAT,35,32
2014,SAV,44,40
2014,SBA,50,44
2014,SBN,46,52
2014,SBP,51,42
2014,SCC,40,46
2014,SCE,58,54
2014,SDF,40,33
2014,SEA,36,35
2014,SFO,44,47
2014,SGF,49,41
2014,SGU,48,38
2014,SHV,54,48
2014,SIT,66,42
2014,SJC,35,32
2014,SJT,44,35
2014,SJU,42,40
2014,SLC,38,34
2014,SMF,36,32
2014,SMX,44,39
2014,SNA,34,28
2014,SPI,51,44
2014,SPS,30,37
2014,SRQ,43,41
2014,STL,36,32
2014,STT,47,35
2014,STX,35,31
2014,SUN,49,32
2014,SUX,55,55
2014,SWF,70,43
2014,SYR,52,36
2014,TLH,46,41
2014,TOL,43,45
2014,TPA,38,36
2014,TRI,39,38
2014,TTN,55,49
2014,TUL,40,36
2014,TUS,37,32
2014,TVC,47,44
2014,TWF,68,50
2014,TXK,46,31
2014,TYR,44,33
2014,TYS,55,49
2014,VEL,23,52
2014,VLD,61,37
2014,VPS,52,37
2014,WRG,48,31
2014,XNA,50,46
2014,YAK,101,18
2014,YUM,43,40
